sector,file,columns,min_year,max_year
climate,Air quality 2.csv,"Country, State, Year, City Or Town Or Village, Number Of Stations (Manual), Name Of The Air Component, Additional Info, Air Quality In Million Plus Cities Of India Under Namp (UOM:Number), Scaling Factor:1",2019.0,2021.0
climate,Air quality.csv,"Country, State, Year, Month, Calendar Day, City, Quality Of Air, Index Value Of Air (UOM:Number), Scaling Factor:1",2020.0,2020.0
climate,prewalai23_17706281543910944.csv,"Country, Year, Hotspot Class, Year Of Prediction, Type Of Rcp Model, Forest Cover Area Under Hotspot (UOM:sq.km(SquareKilometer)), Scaling Factor:1",2021.0,2030.0
climate,prewalai23_17706281848601036.csv,"Country, Year, Forest Type, Total Area (UOM:sq.km(SquareKilometer)), Scaling Factor:1, Projected Area Of Hotspots Affected By Climate Change By The Year 2030 As Predicted By Model Representative Concentration Pathways (Rcp) 4.5 (UOM:sq.km(SquareKilometer)), Scaling Factor:1, Projected Area Of Hotspots Affected By Climate Change By The Year 2030 As Predicted By Model Representative Concentration Pathways (Rcp) 8.5 (UOM:sq.km(SquareKilometer)), Scaling Factor:1, Projected Area Of Hotspots Affected By Climate Change By The Year 2050 As Predicted By Model Representative Concentration Pathways (Rcp) 4.5 (UOM:sq.km(SquareKilometer)), Scaling Factor:1, Projected Area Of Hotspots Affected By Climate Change By The Year 2050 As Predicted By Model Representative Concentration Pathways (Rcp) 8.5 (UOM:sq.km(SquareKilometer)), Scaling Factor:1, Projected Area Of Hotspots Affected By Climate Change By The Year 2085 As Predicted By Model Representative Concentration Pathways (Rcp) 4.5 (UOM:sq.km(SquareKilometer)), Scaling Factor:1, Projected Area Of Hotspots Affected By Climate Change By The Year 2085 As Predicted By Model Representative Concentration Pathways (Rcp) 8.5 (UOM:sq.km(SquareKilometer)), Scaling Factor:1",2003.0,2021.0
climate,prewalai23_17706282202876518.csv,"Country, State, Year, Projected Year, Representative Concentration Pathways (Rcp) Model Type, Forest Cover As Per India State Of Forest Report (Isfr) 2019 (UOM:sq.km(SquareKilometer)), Scaling Factor:1, Projected Area Of Hotspots With High Severity (UOM:sq.km(SquareKilometer)), Scaling Factor:1, Projected Area Of Hotspots With Very High Severity (UOM:sq.km(SquareKilometer)), Scaling Factor:1, Projected Area Of Hotspots With Extremely High Severity (UOM:sq.km(SquareKilometer)), Scaling Factor:1, Projected Area Of Hotspots With Critical Severity (UOM:sq.km(SquareKilometer)), Scaling Factor:1, Total Projected Area Of Hotspots With Severity (UOM:sq.km(SquareKilometer)), Scaling Factor:1, Percentage Of Forest Cover (UOM:%(Percentage)), Scaling Factor:1",2021.0,2030.0
climate,prewalai23_17706282561784246.csv,"Country, State, Year, From Month, To Month, Additional Information, Modis Detections (UOM:Number), Scaling Factor:1, Snpp - Viirs Detections (UOM:Number), Scaling Factor:1",2018.0,2024.0
climate,prewalai23_17706283433957264.csv,"Country, State, Year, Forest Type, Area (UOM:sq.km(SquareKilometer)), Scaling Factor:1, Percentage Of Total Mapped Area (UOM:%(Percentage)), Scaling Factor:1",2023.0,2023.0
climate,prewalai23_17706290804484446.csv,"Country, State, District, Year, Month, Ground Water Level (UOM:M(Meter)), Scaling Factor:1",2022.0,2022.0
climate,prewalai23_17706291098669744.csv,"Country, State, District, Year, Month, Reservoir Basin Name, Reservoir Name, Full Reservoir Level (Frl) Capacity (UOM:BCM(BillionCubicMeter)), Scaling Factor:1, Reservoir Water Level (UOM:M(Meter)), Scaling Factor:1, Reservoir Water Storage (UOM:BCM(BillionCubicMeter)), Scaling Factor:1",2021.0,2021.0
climate,prewalai23_177063025468.csv,"Country, State, Year, City, Location, Number Of Monitoring Days (UOM:Number), Scaling Factor:1, Minimum Concentration Of Particulate Matter Less Than Or Equal To 25 Micro Grams Per Cubic Meter Of Air Considered In 24-Hourly Average In ╡G/M3 (UOM:µg/m³(Microgrampercubicmeter)), Scaling Factor:1, Maximum Concentration Of Particulate Matter Less Than Or Equal To 25 Micro Grams Per Cubic Meter Of Air Considered In24-Hourly Average In ╡G/M3 (UOM:µg/m³(Microgrampercubicmeter)), Scaling Factor:1, Concentration Of Particulate Matter Less Than Or Equal To 25 Micro Grams Per Cubic Meter Of Air Considered In Annual Average In ╡G/M3 (UOM:µg/m³(Microgrampercubicmeter)), Scaling Factor:1",2022.0,2023.0
climate,Rainfall.csv,"Country, State, District, Year, Month, Actual Rainfall (UOM:mm(Millimeter)), Scaling Factor:1, Normal Rainfall (UOM:mm(Millimeter)), Scaling Factor:1, Deviation In Rainfall (UOM:mm(Millimeter)), Scaling Factor:1",2021.0,2021.0
economy,prewalai23_17706578017818897.csv,"Country, Year, Category Of Time Period, Time Period, Category Of Consumer Price Index (Cpi), Base Year, Description, Additional Info, All India Consumer Price Index (Cpi) Numbers (UOM:Number), Scaling Factor:1",2001.0,2023.0
economy,prewalai23_1770657844702166.csv,"Country, Year, Consumer Price Index(Cpi), Type Of Consumer Price Index(Cpi), Type Of Residence, Additional Info, Percentage Of Consumer Price Index(Cpi) (UOM:%(Percentage)), Scaling Factor:1",2012.0,2024.0
economy,prewalai23_17706579646489897.csv,"Country, Year, Base Year, Primary Articles (UOM:Ratio), Scaling Factor:1, Primary Food Articles (UOM:Ratio), Scaling Factor:1, Primary Articles Includes Food Articles, Specifically Those Related To Food Grains (UOM:Ratio), Scaling Factor:1, Primary Articles Includes Non-Food Articles (UOM:Ratio), Scaling Factor:1, Primary Articles Contains Minerals (UOM:Ratio), Scaling Factor:1, Fuel And Power  (UOM:Ratio), Scaling Factor:1, Manufactured Products (UOM:Ratio), Scaling Factor:1, Manufactured Food Products (UOM:Ratio), Scaling Factor:1, Manufactured Textile Products (UOM:Ratio), Scaling Factor:1, Manufactured Products Contains Chemicals And Chemical Products (UOM:Ratio), Scaling Factor:1, Manufactured Products Contains Basic Metals (UOM:Ratio), Scaling Factor:1, Manufactured Products Contains Machinery And Equipment (UOM:Ratio), Scaling Factor:1, All Commodities (UOM:Ratio), Scaling Factor:1",2011.0,2023.0
economy,prewalai23_17706580034104493.csv,"Country, Year, Base Year, Name Of Commodity Or Commodity Group, Additional Info, Number Of Wholesale Prices Of Commodity (UOM:Ratio), Scaling Factor:1",2011.0,2023.0
economy,prewalai23_17706581516078458.csv,"Country, Year, Major Groups And Sub-Groups , Number Of Items In Core Services (UOM:Number), Scaling Factor:1, Total Weight Of Core Services (UOM:Number), Scaling Factor:1, Number Of Consumer Non-Durable Items (UOM:Number), Scaling Factor:1, Total Weight Of Core Goods In Consumer Non-Durables  (UOM:Number), Scaling Factor:1, Number Of Items In Core Goods Under Consumer Durables  (UOM:Number), Scaling Factor:1, Total Weight Of Core Goods In Consumer Durables (UOM:Number), Scaling Factor:1",2023.0,2023.0
economy,prewalai23_17706586058516028.csv,"Country, Year, Currency, Additional Info, Exchange Rate Of Rupee (UOM:Rupeesperunitofforeigncurrency), Scaling Factor:1",1993.0,2023.0
economy,prewalai23_1770658643969388.csv,"Country, Year, Time Period, Base Year, Name Of The Exchange Rate, Additional Info, Exchange Rate Of Rupee (UOM:Ratio), Scaling Factor:1",1993.0,2023.0
economy,prewalai23_17706588168249521.csv,"Country, Year, Month, Exchange Rate  (UOM:INR/USD(IndianRupeesperUSDollar)), Scaling Factor:1, Net Purchase  (UOM:USD(USDollar)), Scaling Factor:1000000000, Fuel Consumption  (UOM:MT(MetricTonne)), Scaling Factor:100000, Broader Measure Of Money Supply (M3) (UOM:INR(IndianRupees)), Scaling Factor:1000000000000, Currency In Circulation  (UOM:INR(IndianRupees)), Scaling Factor:1000000000000, Merchandise Exports  (UOM:USD(USDollar)), Scaling Factor:1000000000, Merchandise Imports  (UOM:USD(USDollar)), Scaling Factor:1000000000",2019.0,2024.0
economy,prewalai23_17706593520587091.csv,"Country, Year, Base Year, Residence Type, Consumer Price Index (Cpi) Of General (All Groups) (UOM:%(Percentage)), Scaling Factor:1, Consumer Price Index (Cpi) Of Food And Beverages  (UOM:%(Percentage)), Scaling Factor:1, Consumer Price Index (Cpi) Of Housing  (UOM:%(Percentage)), Scaling Factor:1, Consumer Price Index (Cpi) Of Fuel And Light  (UOM:%(Percentage)), Scaling Factor:1, Consumer Price Index (Cpi) Of Miscellaneous  (UOM:%(Percentage)), Scaling Factor:1, Consumer Price Index (Cpi) Of Goods Excluding Food And Fuel  (UOM:%(Percentage)), Scaling Factor:1, Wholesale Price Index (Wpi) Of All Commodities  (UOM:%(Percentage)), Scaling Factor:1, Wholesale Price Index (Wpi) Of Primary Articles (UOM:%(Percentage)), Scaling Factor:1, Wholesale Price Index (Wpi) Of Fuel And Power  (UOM:%(Percentage)), Scaling Factor:1, Wholesale Price Index (Wpi) Of Manufactured Products  (UOM:%(Percentage)), Scaling Factor:1, Wholesale Price Index (Wpi) Of Non Food Manufactured Products  (UOM:%(Percentage)), Scaling Factor:1, Consumer Price Index (Cpi) Of Industrial Workers (2001=100)  (UOM:%(Percentage)), Scaling Factor:1, Consumer Price Index (Cpi) Of Agricultural Labourers (1986-87=100)  (UOM:%(Percentage)), Scaling Factor:1, Consumer Price Index (Cpi) Of Rural Labourers (1986-87=100)  (UOM:%(Percentage)), Scaling Factor:1",2004.0,2015.0
economy,prewalai23_17706597789785485.csv,"Country, Year, Month, Name Of Industries Or Subsegment, Percentage Of Growth In Credit Deployed In Industries (UOM:%(Percentage)), Scaling Factor:1",2017.0,2022.0
economy,prewalai23_17706598092547636.csv,"Country, Year, Date, Type Of Sector, Additional Information, Deployment Of Gross Bank Credit (UOM:INR(IndianRupees)), Scaling Factor:1000000000000",2012.0,2024.0
economy,prewalai23_17706599108554175.csv,"Country, Year, Region Or State Or Union Territory (Ut), Additional Information, Deposit Of Scbs Excluding Inter Bank Deposits As At End March (UOM:INR(IndianRupees)), Scaling Factor:10000000, Bank Credit Of Scbs As At End March (UOM:INR(IndianRupees)), Scaling Factor:10000000",2017.0,2024.0
economy,prewalai23_17706603107598376.csv,"Country, Year, Additional Info, External Debt (UOM:USD(USDollar)), Scaling Factor:10000000, Percentage Of External Debt To Gross Domestic Product (Gdp) (UOM:%(Percentage)), Scaling Factor:1, Percentage Of Debt Service Ratio (UOM:%(Percentage)), Scaling Factor:1, Percentage Of Foreign Exchange Reserves To Total Debt (UOM:%(Percentage)), Scaling Factor:1, Percentage Of Concessional Debt To Total Debt (UOM:%(Percentage)), Scaling Factor:1, Percentage Of Short-Term Debt To Foreign Exchange Reserves (UOM:%(Percentage)), Scaling Factor:1, Percentage Of Short-Term Debt (Original Maturity) To Total Debt (UOM:%(Percentage)), Scaling Factor:1",2017.0,2024.0
economy,prewalai23_17706604057884057.csv,"Country, Year, Items, Balance Of Payments As Per International Monetary Fund(Imf) Balance Of Payments Manual 5 Rs In Crore (UOM:INR(IndianRupees)), Scaling Factor:10000000, Balance Of Payments As Per International Monetary Fund(Imf) Balance Of Payments Manual 5 In Usd (UOM:USD(USDollar)), Scaling Factor:1000000",2011.0,2023.0
economy,prewalai23_17706610166862113.csv,"Country, Year, Additional Information, Gross Fiscal Deficit (Gfd) (UOM:%(Percentage)), Scaling Factor:1, Net Fiscal Deficit (Nfd) (UOM:%(Percentage)), Scaling Factor:1, Gross Primary Deficit (UOM:%(Percentage)), Scaling Factor:1, Net Primary Deficit (UOM:%(Percentage)), Scaling Factor:1, Revenue Deficit (UOM:%(Percentage)), Scaling Factor:1, Primary Deficit (UOM:%(Percentage)), Scaling Factor:1, Draw Down Of Cash Balances (UOM:%(Percentage)), Scaling Factor:1, Net Reserev Bank Of India (Rbi) Credit To Centre (UOM:%(Percentage)), Scaling Factor:1, Gross Direct Tax (UOM:%(Percentage)), Scaling Factor:1, Gross Indirect Tax (UOM:%(Percentage)), Scaling Factor:1, Total Gross Tax (UOM:%(Percentage)), Scaling Factor:1, Net Tax Revenue (UOM:%(Percentage)), Scaling Factor:1, Revenue Receipts (UOM:%(Percentage)), Scaling Factor:1, Non Tax Revenue (UOM:%(Percentage)), Scaling Factor:1, Capital Receipts (UOM:%(Percentage)), Scaling Factor:1, Revenue Expenditure (UOM:%(Percentage)), Scaling Factor:1, Interest Payments (UOM:%(Percentage)), Scaling Factor:1, Subsidies (UOM:%(Percentage)), Scaling Factor:1, Defence (Revenue+Capital) (UOM:%(Percentage)), Scaling Factor:1, Capital Expenditure (UOM:%(Percentage)), Scaling Factor:1, Capital Outlay (UOM:%(Percentage)), Scaling Factor:1, Total Expenditure (UOM:%(Percentage)), Scaling Factor:1",1990.0,2025.0
economy,prewalai23_17706610856787238.csv,"Country, Year, Types Of Expenditure, Type Of Pattern, Additional Information, Budgetary Transactions Of The States  (UOM:INR(IndianRupees)), Scaling Factor:10000000",2011.0,2017.0
economy,prewalai23_1770661178903102.csv,"Country, Year, Type Of Expenditure, Additional Info, Combined Revenue Expenditure  (UOM:INR(IndianRupees)), Scaling Factor:10000000",2009.0,2017.0
economy,prewalai23_17706612080618398.csv,"Country, Year, Category Of Major Debt Or Liabilities, Category Of Primary Public Debt Divisions, Category Of Debt Or Liability Instruments Classifications, Category Of Specific Debt Or Instruments, Additional Info, Debt Position Of The Central Government (UOM:INR(IndianRupees)), Scaling Factor:10000000",2010.0,2023.0
economy,prewalai23_17706612542807314.csv,"Country, Year, Additional Info, Revenue Receipts Including States Share In Taxes (UOM:INR(IndianRupees)), Scaling Factor:10000000, Capital Receipts Excluded Repayment Of Loans (UOM:INR(IndianRupees)), Scaling Factor:10000000, Budgetary Deficit Or Draw Down Of Cash Balance Of Central Government (UOM:INR(IndianRupees)), Scaling Factor:10000000, Share Of States In Central Taxes (UOM:INR(IndianRupees)), Scaling Factor:10000000, Grants From Central To States And Union Teritorries (UOM:INR(IndianRupees)), Scaling Factor:10000000, Loans From Central To States And Union Teritorries (UOM:INR(IndianRupees)), Scaling Factor:10000000, Repayment Of Loans From Central To States And Union Teritorries (UOM:INR(IndianRupees)), Scaling Factor:10000000, Percentage Of Net Transfers To States As Percentage Of Total Receipts Of Central Government (UOM:%(Percentage)), Scaling Factor:1",1990.0,2017.0
economy,sathwiksalian1515_1770659910893689 (1).csv,"Country, Year, Items, Additional Info, Outstanding Amount  (UOM:INR(IndianRupees)), Scaling Factor:1000000000000",2012.0,2023.0
geopolitics,DEXINUS.csv,"observation_date, DEXINUS",2010.0,2011.0
geopolitics,hist_india_vix_-01-01-2010-to-31-12-2010.csv,"Date , Open , High , Low , Close , Prev. Close , Change , % Change ",2010.0,2010.0
geopolitics,hist_india_vix_-01-01-2011-to-31-12-2011.csv,"Date , Open , High , Low , Close , Prev. Close , Change , % Change ",2011.0,2011.0
geopolitics,hist_india_vix_-01-01-2012-to-31-12-2012.csv,"Date , Open , High , Low , Close , Prev. Close , Change , % Change ",2012.0,2012.0
geopolitics,hist_india_vix_-01-01-2013-to-31-12-2013.csv,"Date , Open , High , Low , Close , Prev. Close , Change , % Change ",2013.0,2013.0
geopolitics,hist_india_vix_-01-01-2014-to-31-12-2014.csv,"Date , Open , High , Low , Close , Prev. Close , Change , % Change ",2014.0,2014.0
geopolitics,hist_india_vix_-01-01-2015-to-31-12-2015.csv,"Date , Open , High , Low , Close , Prev. Close , Change , % Change ",2015.0,2015.0
geopolitics,hist_india_vix_-01-01-2016-to-31-12-2016.csv,"Date , Open , High , Low , Close , Prev. Close , Change , % Change ",2016.0,2016.0
geopolitics,hist_india_vix_-01-01-2017-to-31-12-2017.csv,"Date , Open , High , Low , Close , Prev. Close , Change , % Change ",2017.0,2017.0
geopolitics,hist_india_vix_-01-01-2018-to-31-12-2018.csv,"Date , Open , High , Low , Close , Prev. Close , Change , % Change ",2018.0,2018.0
geopolitics,hist_india_vix_-01-01-2019-to-31-12-2019.csv,"Date , Open , High , Low , Close , Prev. Close , Change , % Change ",2019.0,2019.0
geopolitics,hist_india_vix_-01-01-2020-to-31-12-2020.csv,"Date , Open , High , Low , Close , Prev. Close , Change , % Change ",2020.0,2020.0
geopolitics,hist_india_vix_-01-01-2022-to-31-12-2022.csv,"Date , Open , High , Low , Close , Prev. Close , Change , % Change ",2022.0,2022.0
geopolitics,hist_india_vix_-01-01-2023-to-31-12-2023.csv,"Date , Open , High , Low , Close , Prev. Close , Change , % Change ",2023.0,2023.0
geopolitics,hist_india_vix_-01-01-2024-to-31-12-2024.csv,"Date , Open , High , Low , Close , Prev. Close , Change , % Change ",2024.0,2024.0
geopolitics,hist_india_vix_-01-01-2025-to-31-12-2025.csv,"Date , Open , High , Low , Close , Prev. Close , Change , % Change ",2025.0,2025.0
geopolitics,hist_india_vix_-01-01-2026-to-23-02-2026.csv,"Date , Open , High , Low , Close , Prev. Close , Change , % Change ",2026.0,2026.0
geopolitics,INDCPIALLMINMEI.csv,"observation_date, INDCPIALLMINMEI",2010.0,2025.0
geopolitics,India_Policy_Uncertainty_Data.xlsx,"Year, Month, India News-Based Policy Uncertainty Index",2003.0,2026.0
geopolitics,INDIRLTLT01STM (1).csv,"observation_date, INDIRLTLT01STM",2011.0,2026.0
geopolitics,INDIRLTLT01STM.csv,"observation_date, INDIRLTLT01STM",2011.0,2026.0
geopolitics,MW-All-Indices-23-Feb-2026.csv,"INDEX 
, CURRENT 
, %CHNG 
, OPEN 
, HIGH 
, LOW 
, INDICATIVE CLOSE 
, PREV. CLOSE 
, PREV. DAY 
 20-Feb-2026, 1W AGO 
 13-Feb-2026, 1M AGO 
 20-Jan-2026, 1Y AGO 
 19-Feb-2025, 52W H 
, 52W L 
, 30 D % CHNG 
, 365 D % CHNG 
",,
geopolitics,NIFTY 50_Historical_PR_01012010to31122010.csv,"Index Name, Date, Open, High, Low, Close",2010.0,2010.0
geopolitics,NIFTY 50_Historical_PR_01012011to31122011.csv,"Index Name, Date, Open, High, Low, Close",2011.0,2011.0
geopolitics,NIFTY 50_Historical_PR_01012012to31122012.csv,"Index Name, Date, Open, High, Low, Close",2012.0,2012.0
geopolitics,NIFTY 50_Historical_PR_01012014to31122014.csv,"Index Name, Date, Open, High, Low, Close",2014.0,2014.0
geopolitics,NIFTY 50_Historical_PR_01012015to31122015.csv,"Index Name, Date, Open, High, Low, Close",2015.0,2015.0
geopolitics,NIFTY 50_Historical_PR_01012016to31122016.csv,"Index Name, Date, Open, High, Low, Close",2016.0,2016.0
geopolitics,NIFTY 50_Historical_PR_01012017to31122017.csv,"Index Name, Date, Open, High, Low, Close",2017.0,2017.0
geopolitics,NIFTY 50_Historical_PR_01012018to31122018.csv,"Index Name, Date, Open, High, Low, Close",2018.0,2018.0
geopolitics,NIFTY 50_Historical_PR_01012019to31122019.csv,"Index Name, Date, Open, High, Low, Close",2019.0,2019.0
geopolitics,NIFTY 50_Historical_PR_01012020to31122020.csv,"Index Name, Date, Open, High, Low, Close",2020.0,2020.0
geopolitics,NIFTY 50_Historical_PR_01012021to31122021.csv,"Index Name, Date, Open, High, Low, Close",2021.0,2021.0
geopolitics,NIFTY 50_Historical_PR_01012022to31122022.csv,"Index Name, Date, Open, High, Low, Close",2022.0,2022.0
geopolitics,NIFTY 50_Historical_PR_01012023to31122023.csv,"Index Name, Date, Open, High, Low, Close",2023.0,2023.0
geopolitics,NIFTY 50_Historical_PR_01012024to31122024.csv,"Index Name, Date, Open, High, Low, Close",2024.0,2024.0
geopolitics,NIFTY 50_Historical_PR_01012025to31122025.csv,"Index Name, Date, Open, High, Low, Close",2025.0,2025.0
geopolitics,NIFTY 50_Historical_PR_01012026to23022026.csv,"Index Name, Date, Open, High, Low, Close",2026.0,2026.0
geopolitics,WUI_Data.xlsx,"Unnamed: 0, Unnamed: 1, Unnamed: 2, Unnamed: 3",,
infrastructure,sathwiksalian1515_17707441592600496.csv,"Country, Year, Type Of Area, Indicator, Absolute (UOM:Number), Scaling Factor:1, Slum Percentage (UOM:%(Percentage)), Scaling Factor:1",2001.0,2011.0
infrastructure,sathwiksalian1515_1770744167609202.csv,"Country, Year, Type Of Area, Indicator, Absolute (UOM:Number), Scaling Factor:1, Slum  (UOM:%(Percentage)), Scaling Factor:1",2001.0,2011.0
infrastructure,sathwiksalian1515_17707441770376968.csv,"Country, Year, Country Or Region, Slum Population  (UOM:%(Percentage)), Scaling Factor:1, Urban Population With Improved Sanitation (UOM:%(Percentage)), Scaling Factor:1, Urban Population With Improved Water Sources (UOM:%(Percentage)), Scaling Factor:1",1990.0,2010.0
infrastructure,sathwiksalian1515_17707441903828018.csv,"Country, State, Year, Share Of Slum Population To Total Slum Population (UOM:%(Percentage)), Scaling Factor:1",2001.0,2011.0
infrastructure,sathwiksalian1515_17707442094402194.csv,"Country, Year, Type Of Area, Indicator, Absolute (UOM:Number), Scaling Factor:1",2001.0,2011.0
infrastructure,sathwiksalian1515_1770744227793156.csv,"Country, State, Year, Statutory Towns (UOM:Number), Scaling Factor:1, Slum Reported Towns (UOM:Number), Scaling Factor:1, Total Population (UOM:Number), Scaling Factor:1, Notified Slums (UOM:Number), Scaling Factor:1, Recognised Slums (UOM:Number), Scaling Factor:1, Identified Slums (UOM:Number), Scaling Factor:1",2011.0,2011.0
infrastructure,sathwiksalian1515_1770744248165217.csv,"Country, Year, Source Countries, Additional Info, Average Annual Rate (UOM:Ratio), Scaling Factor:1",2000.0,2015.0
infrastructure,sathwiksalian1515_17707442668926518.csv,"Country, Year, Source Countries, Additional Info, Average Annual Rate (UOM:Ratio), Scaling Factor:1",2000.0,2015.0
infrastructure,sathwiksalian1515_17707442860387425.csv,"Country, State, Year, Urban Population (UOM:%(Percentage)), Scaling Factor:1",1991.0,2011.0
infrastructure,sathwiksalian1515_17707443074476774.csv,"Country, State, Year, Annual Exponential Growth Rate (UOM:%(Percentage)), Scaling Factor:1",1991.0,2001.0
infrastructure,sathwiksalian1515_17707448938762043.csv,"Country, State, Year, Additional Info, Percentage Of Households With Source Of Drinking Water (UOM:%(Percentage)), Scaling Factor:1, Percentage Of Households With Electricity (UOM:%(Percentage)), Scaling Factor:1, Percentage Of Households With Septic Tank Or Flush (UOM:%(Percentage)), Scaling Factor:1, Percentage Of Households With No Latrine (UOM:%(Percentage)), Scaling Factor:1",2001.0,2012.0
infrastructure,sathwiksalian1515_1770744917335151.csv,"Country, State, Year, Water Closet  (UOM:%(Percentage)), Scaling Factor:1, Pit Latrine (UOM:%(Percentage)), Scaling Factor:1, Other Latrine (UOM:%(Percentage)), Scaling Factor:1, Total House Holds With Latrines (UOM:%(Percentage)), Scaling Factor:1, No Latrine  (UOM:%(Percentage)), Scaling Factor:1",2001.0,2011.0
infrastructure,sathwiksalian1515_17707449327829666.csv,"Country, State, District, Sub-District, Year, Name Of Town, Rank, Value (UOM:Number), Scaling Factor:1",2016.0,2016.0
infrastructure,sathwiksalian1515_1770744959855841.csv,"Country, Year, State Name , City Size Category , City Name, Population In The City (UOM:Number), Scaling Factor:1000000, People In The City Who Use Walking As Their Mode Of Transportation (UOM:%(Percentage)), Scaling Factor:1, People Using Non-Motorised Transport As Cycle (UOM:%(Percentage)), Scaling Factor:1, People Using Non-Motorised Transport As Rickshaw (UOM:%(Percentage)), Scaling Factor:1, People Using Auto Rickshaw As Intermediate Public Transport (UOM:%(Percentage)), Scaling Factor:1, People Using Others As Intermediate Public Transport (UOM:%(Percentage)), Scaling Factor:1, Individuals Utilizing Public Transport Modes  (UOM:%(Percentage)), Scaling Factor:1, People Using Car As Motorised Personal Transport Transport (UOM:%(Percentage)), Scaling Factor:1, People Using Two Wheelers As Motorised Personal Transport Transport (UOM:%(Percentage)), Scaling Factor:1",2016.0,2016.0
infrastructure,sathwiksalian1515_17707449811961908.csv,"Country, Year, State Name , City Name, Type Of Public Transport, Number Of Transport Vehicles (UOM:Number), Scaling Factor:1",2016.0,2016.0
infrastructure,sathwiksalian1515_1770745094120211.csv,"Country, Year, State Name , City Name, Type Of Public Transport, Number Of Transport Vehicles (UOM:Number), Scaling Factor:1",2016.0,2016.0
infrastructure,sathwiksalian1515_17707451457947118.csv,"Country, Year, Metro Rail Project, Additional Info, Revenue Earned (UOM:INR(IndianRupees)), Scaling Factor:10000000",2012.0,2014.0
infrastructure,sathwiksalian1515_17707451684837441.csv,"Country, Year, Source Countries, Annual Urban Population At Mid-Year (UOM:Number), Scaling Factor:1000, Percentage Of Population Living In Urban Areas (UOM:%(Percentage)), Scaling Factor:1",2000.0,2018.0
infrastructure,sathwiksalian1515_17707451899484348.csv,"Country, Year, Name Of Urban Lobal Body (Ulb) Population Category, Capital Expenditure For City Finance National Performance With Population Category (UOM:INR(IndianRupees)), Scaling Factor:10000000, Capital Expenditure Per Capita For City Finance National Performance With Population Category (UOM:INR(IndianRupees)), Scaling Factor:1, Percentage Of Data Availability For City Finance National Performance Capital Expenditure With Population Category (UOM:%(Percentage)), Scaling Factor:1",2016.0,2022.0
infrastructure,sathwiksalian1515_17707452085821574.csv,"Country, Year, State Name, Type Of Urban Lobal Body (Ulb) , Category Of Urban Lobal Body (Ulb), Weighted Average Own Revenue (UOM:INR(IndianRupees)), Scaling Factor:10000000, Median Own Revenue Per Capita (UOM:INR(IndianRupees)), Scaling Factor:1, Percentage Of Weighted Average Own Revenues To Revenue Expenditure (UOM:%(Percentage)), Scaling Factor:1, Percentage Of Cities Where Own Revenues Meet Revenue Expenditure (UOM:%(Percentage)), Scaling Factor:1",2022.0,2022.0
infrastructure,sathwiksalian1515_17707452205464087.csv,"Country, Year, Deficit Or Surplus, Urban Lobal Body Population Category, Revenue  (UOM:INR(IndianRupees)), Scaling Factor:10000000, Expenditure  (UOM:INR(IndianRupees)), Scaling Factor:10000000",2015.0,2022.0
infrastructure,sathwiksalian1515_17707452493140395.csv,"Country, Year, State Name, Type Of Urban Lobal Body (Ulb) , Category Of Urban Lobal Body (Ulb), Weighted Average Own Revenue (UOM:INR(IndianRupees)), Scaling Factor:10000000, Median Own Revenue Per Capita (UOM:INR(IndianRupees)), Scaling Factor:1, Percentage Of Weighted Average Own Revenues To Revenue Expenditure (UOM:%(Percentage)), Scaling Factor:1, Percentage Of Cities Where Own Revenues Meet Revenue Expenditure (UOM:%(Percentage)), Scaling Factor:1",2022.0,2022.0
infrastructure,sathwiksalian1515_1770745277441344.csv,"Country, State, Year, City, Amount Invested For Building Houses Under Pradhan Mantri Awas Yojana (UOM:INR(IndianRupees)), Scaling Factor:10000000, Amount Sanctioned For Building Houses Under Pradhan Mantri Awas Yojana (UOM:INR(IndianRupees)), Scaling Factor:10000000, Amount Released For Building Houses Under Pradhan Mantri Awas Yojana (UOM:INR(IndianRupees)), Scaling Factor:10000000, Houses Sanctioned Under Pradhan Mantri Awas Yojana Mission (UOM:Number), Scaling Factor:1, Houses Grounded Under Pradhan Mantri Awas Yojana Mission (UOM:Number), Scaling Factor:1, Houses Completed Construction Under Pradhan Mantri Awas Yojana Mission (UOM:Number), Scaling Factor:1",2025.0,2025.0
infrastructure,sathwiksalian1515_17707452857091858.csv,"Country, Year, As On Date, State Name , Additional Information, Project Proposals Considered (UOM:Number), Scaling Factor:1, Sanctioned (UOM:Number), Scaling Factor:1, Grounded (UOM:Number), Scaling Factor:1, Completed Or Delivered  (UOM:Number), Scaling Factor:1, Investment (UOM:INR(IndianRupees)), Scaling Factor:10000000, Central Assistance Sanctioned  (UOM:INR(IndianRupees)), Scaling Factor:10000000, Central Assistance Released (UOM:INR(IndianRupees)), Scaling Factor:10000000",2025.0,2025.0
infrastructure,sathwiksalian1515_17707840147074175.csv,"Country, State, Year, Condition Of House, Percentage Of Households (UOM:%(Percentage)), Scaling Factor:1",2001.0,2011.0
infrastructure,sathwiksalian1515_17707840304250104.csv,"Country, State, Year, Total Number Of Households (UOM:Number), Scaling Factor:1, Number Of Households Owned (UOM:Number), Scaling Factor:1, Percentage Of Households Owned (UOM:%(Percentage)), Scaling Factor:1, Number Of Households Rented (UOM:Number), Scaling Factor:1, Percentage Of Households Rented (UOM:%(Percentage)), Scaling Factor:1, Number Of Other Households (UOM:Number), Scaling Factor:1, Percentage Of Other Households (UOM:%(Percentage)), Scaling Factor:1",2001.0,2011.0
infrastructure,sathwiksalian1515_1770784041383848.csv,"Country, State, Year, Total Number Of Households (UOM:Number), Scaling Factor:1, Percentage Of Households Having No Exclusive Room (UOM:%(Percentage)), Scaling Factor:1, Percentage Of Households Having One Room (UOM:%(Percentage)), Scaling Factor:1, Percentage Of Households Having Two Rooms (UOM:%(Percentage)), Scaling Factor:1, Percentage Of Households Having Three Rooms (UOM:%(Percentage)), Scaling Factor:1, Percentage Of Households Having Four Rooms (UOM:%(Percentage)), Scaling Factor:1, Percentage Of Households Having Five Rooms (UOM:%(Percentage)), Scaling Factor:1, Percentage Of Households Having Six Rooms And Above (UOM:%(Percentage)), Scaling Factor:1, Percentage Of Households Having Four Rooms And Above (UOM:%(Percentage)), Scaling Factor:1",2001.0,2011.0
infrastructure,sathwiksalian1515_17707840553566458.csv,"Country, State, Year, Total Number Of Households (UOM:Number), Scaling Factor:1, Percentage Of Households Having No Exclusive Room (UOM:%(Percentage)), Scaling Factor:1, Percentage Of Households Having One Room (UOM:%(Percentage)), Scaling Factor:1, Percentage Of Households Having Two Rooms (UOM:%(Percentage)), Scaling Factor:1, Percentage Of Households Having Three Rooms (UOM:%(Percentage)), Scaling Factor:1, Percentage Of Households Having Four Rooms (UOM:%(Percentage)), Scaling Factor:1, Percentage Of Households Having Five Rooms (UOM:%(Percentage)), Scaling Factor:1, Percentage Of Households Having Six Rooms And Above (UOM:%(Percentage)), Scaling Factor:1, Percentage Of Households Having Four Rooms And Above (UOM:%(Percentage)), Scaling Factor:1",2001.0,2011.0
infrastructure,sathwiksalian1515_17707840681867187.csv,"Country, State, Year, Total Number Of Households (UOM:Number), Scaling Factor:1, Percentage Of Households Having No Exclusive Room (UOM:%(Percentage)), Scaling Factor:1, Percentage Of Households Having One Room (UOM:%(Percentage)), Scaling Factor:1, Percentage Of Households Having Two Rooms (UOM:%(Percentage)), Scaling Factor:1, Percentage Of Households Having Three Rooms (UOM:%(Percentage)), Scaling Factor:1, Percentage Of Households Having Four Rooms (UOM:%(Percentage)), Scaling Factor:1, Percentage Of Households Having Five Rooms (UOM:%(Percentage)), Scaling Factor:1, Percentage Of Households Having Six Rooms And Above (UOM:%(Percentage)), Scaling Factor:1, Percentage Of Households Having Four Rooms And Above (UOM:%(Percentage)), Scaling Factor:1",2001.0,2011.0
infrastructure,sathwiksalian1515_17707840893830562.csv,"Country, Year, Country Or Region, Slum Population  (UOM:%(Percentage)), Scaling Factor:1, Urban Population With Improved Sanitation (UOM:%(Percentage)), Scaling Factor:1, Urban Population With Improved Water Sources (UOM:%(Percentage)), Scaling Factor:1",1990.0,2010.0
infrastructure,sathwiksalian1515_17707841085646892.csv,"Country, Year, Type Of Area, Indicator, Absolute (UOM:Number), Scaling Factor:1, Slum Percentage (UOM:%(Percentage)), Scaling Factor:1",2001.0,2011.0
infrastructure,sathwiksalian1515_17707841396093798.csv,"Country, Year, Type Of Area, Indicator, Absolute (UOM:Number), Scaling Factor:1, Slum  (UOM:%(Percentage)), Scaling Factor:1",2001.0,2011.0
infrastructure,sathwiksalian1515_17707841557352133.csv,"Country, Year, Type Of Area, Indicator, Absolute (UOM:Number), Scaling Factor:1",2001.0,2011.0
infrastructure,sathwiksalian1515_17707842314461617.csv,"Country, State, Year, Water Closet  (UOM:%(Percentage)), Scaling Factor:1, Pit Latrine (UOM:%(Percentage)), Scaling Factor:1, Other Latrine (UOM:%(Percentage)), Scaling Factor:1, Total House Holds With Latrines (UOM:%(Percentage)), Scaling Factor:1, No Latrine  (UOM:%(Percentage)), Scaling Factor:1",2001.0,2011.0
infrastructure,sathwiksalian1515_1770784257775433.csv,"Country, Year, As On Date, State Name , Additional Information, Project Proposals Considered (UOM:Number), Scaling Factor:1, Sanctioned (UOM:Number), Scaling Factor:1, Grounded (UOM:Number), Scaling Factor:1, Completed Or Delivered  (UOM:Number), Scaling Factor:1, Investment (UOM:INR(IndianRupees)), Scaling Factor:10000000, Central Assistance Sanctioned  (UOM:INR(IndianRupees)), Scaling Factor:10000000, Central Assistance Released (UOM:INR(IndianRupees)), Scaling Factor:10000000",2025.0,2025.0
infrastructure,sathwiksalian1515_17707842705654137.csv,"Country, State, Year, City, Amount Invested For Building Houses Under Pradhan Mantri Awas Yojana (UOM:INR(IndianRupees)), Scaling Factor:10000000, Amount Sanctioned For Building Houses Under Pradhan Mantri Awas Yojana (UOM:INR(IndianRupees)), Scaling Factor:10000000, Amount Released For Building Houses Under Pradhan Mantri Awas Yojana (UOM:INR(IndianRupees)), Scaling Factor:10000000, Houses Sanctioned Under Pradhan Mantri Awas Yojana Mission (UOM:Number), Scaling Factor:1, Houses Grounded Under Pradhan Mantri Awas Yojana Mission (UOM:Number), Scaling Factor:1, Houses Completed Construction Under Pradhan Mantri Awas Yojana Mission (UOM:Number), Scaling Factor:1",2025.0,2025.0
migration,00 A 2-India.xls,"A - 2  DECADAL VARIATION  IN  POPULATION  SINCE  1901, Unnamed: 1, Unnamed: 2, Unnamed: 3, Unnamed: 4, Unnamed: 5, Unnamed: 6, Unnamed: 7, Unnamed: 8",,
migration,A-1_NO_OF_VILLAGES_TOWNS_HOUSEHOLDS_POPULATION_AND_AREA (1).xlsx,"A-1 NUMBER OF VILLAGES, TOWNS, HOUSEHOLDS, POPULATION AND AREA, Unnamed: 1, Unnamed: 2, Unnamed: 3, Unnamed: 4, Unnamed: 5, Unnamed: 6, Unnamed: 7, Unnamed: 8, Unnamed: 9, Unnamed: 10, Unnamed: 11, Unnamed: 12, Unnamed: 13, Unnamed: 14",,
migration,PC01_D05_00.xls,"Unnamed: 0, Unnamed: 1, Unnamed: 2, Unnamed: 3, Unnamed: 4, Unnamed: 5, Unnamed: 6, D-5: MIGRANTS BY PLACE OF LAST RESIDENCE, AGE, SEX, REASON FOR MIGRATION AND DURATION OF RESIDENCE , Unnamed: 8, Unnamed: 9, Unnamed: 10, Unnamed: 11, Unnamed: 12, Unnamed: 13, Unnamed: 14, Unnamed: 15, Unnamed: 16, Unnamed: 17, Unnamed: 18, Unnamed: 19, Unnamed: 20, Unnamed: 21, Unnamed: 22, Unnamed: 23, Unnamed: 24, Unnamed: 25, Unnamed: 26, Unnamed: 27, Unnamed: 28, Unnamed: 29, Unnamed: 30, Unnamed: 31",,
migration,PCA11-UA-0000.xlsx,"ST Code, DT Code, SubDT Code, Town Code, UA Code, UA Name, Level, Ward From, Ward To, No_HH, TOT_P, TOT_M, TOT_F, P_06, M_06, F_06, P_SC, M_SC, F_SC, P_ST, M_ST, F_ST, P_LIT, M_LIT, F_LIT, P_ILL, M_ILL, F_ILL, TOT_WORK_P, TOT_WORK_M, TOT_WORK_F, MAINWORK_P, MAINWORK_M, MAINWORK_F, MAIN_CL_P, MAIN_CL_M, MAIN_CL_F, MAIN_AL_P, MAIN_AL_M, MAIN_AL_F, MAIN_HH_P, MAIN_HH_M, MAIN_HH_F, MAIN_OT_P, MAIN_OT_M, MAIN_OT_F, MARGWORK_P, MARGWORK_M, MARGWORK_F, MARG_CL_P, MARG_CL_M, MARG_CL_F, MARG_AL_P, MARG_AL_M, MARG_AL_F, MARG_HH_P, MARG_HH_M, MARG_HH_F, MARG_OT_P, MARG_OT_M, MARG_OT_F, MARGWORK_3_6_P, MARGWORK_3_6_M, MARGWORK_3_6_F, MARG_CL_3_6_P, MARG_CL_3_6_M, MARG_CL_3_6_F, MARG_AL_3_6_P, MARG_AL_3_6_M, MARG_AL_3_6_F, MARG_HH_3_6_P, MARG_HH_3_6_M, MARG_HH_3_6_F, MARG_OT_3_6_P, MARG_OT_3_6_M, MARG_OT_3_6_F, MARGWORK_0_3_P, MARGWORK_0_3_M, MARGWORK_0_3_F, MARG_CL_0_3_P, MARG_CL_0_3_M, MARG_CL_0_3_F, MARG_AL_0_3_P, MARG_AL_0_3_M, MARG_AL_0_3_F, MARG_HH_0_3_P, MARG_HH_0_3_M, MARG_HH_0_3_F, MARG_OT_0_3_P, MARG_OT_0_3_M, MARG_OT_0_3_F, NON_WORK_P, NON_WORK_M, NON_WORK_F, Unnamed: 94, Unnamed: 95",,
social,sathwiksalian1515_17708937227755284.csv,"Country, State, Year, Type Of Crime, Scheduled Tribe (St) Population (UOM:Number), Scaling Factor:100000, Rate Of Crime (UOM:Ratio), Scaling Factor:1, Incidence Of Crime (UOM:Ratio), Scaling Factor:1, Percentage Contribution To All India (UOM:%(Percentage)), Scaling Factor:1",2012.0,2012.0
social,sathwiksalian1515_1770893740441886.csv,"Country, Year, States Or Union Territories (Uts) Or Other, Incidence (UOM:Number), Scaling Factor:1, Percentage Contribution To All India Total (UOM:%(Percentage)), Scaling Factor:1, Scheduled Tribes (Sts) Population (UOM:Number), Scaling Factor:100000, Rate Of Total Cognizable Crimes (UOM:Ratio), Scaling Factor:1",2012.0,2012.0
social,sathwiksalian1515_17708937592866747.csv,"Country, State, Year, Additional Information, Number Of Crimes Or Atrocities (UOM:Number), Scaling Factor:1, Rate Of Total Crime Against Scheduled Tribes(Sts) (UOM:Ratio), Scaling Factor:1, Charge Sheeting Rate (UOM:Ratio), Scaling Factor:1, Number Of Population (UOM:Number), Scaling Factor:100000, Total Rate Of Cognizable Crimes (UOM:Ratio), Scaling Factor:1",2014.0,2022.0
social,sathwiksalian1515_1770893768600447.csv,"Country, Year, Crime Head, Percentage Of Cases Withdrawn By Government (UOM:%(Percentage)), Scaling Factor:1, Percentage Of Cases Compounded Or Withdrawn (UOM:%(Percentage)), Scaling Factor:1, Percentage Of Cases In Which Trials Completed Convicted (UOM:%(Percentage)), Scaling Factor:1, Percentage Of Cases In Which Trials Completed Acquitted Or Discharged (UOM:%(Percentage)), Scaling Factor:1, Percentage Of Cases Pending Trial At The End Of The Year (UOM:%(Percentage)), Scaling Factor:1, Conviction Rate (UOM:Ratio), Scaling Factor:1",2012.0,2012.0
social,sathwiksalian1515_17708937834479353.csv,"Country, State, Year, Social Category, Number Of Cases Pending From Previous Year (UOM:Number), Scaling Factor:1, Number Of Cases Registered During The Year (UOM:Number), Scaling Factor:1, Number Of Cases Reopened For Investigation (UOM:Number), Scaling Factor:1, Number Of Cases With Police During The Year Including Brought Forward Cases (Bf) (UOM:Number), Scaling Factor:1, Number Of Cases Withdrawn By The Government During Investigation (UOM:Number), Scaling Factor:1, Number Of Cases Not Investigated Or In Which Investigation Was Refused (UOM:Number), Scaling Factor:1, Number Of Cases Transferred To Other State Or Agency (UOM:Number), Scaling Factor:1, Number Of Cases In Which Charge Sheets Were Not Laid But Final Report As True Submitted During The Year (UOM:Number), Scaling Factor:1, Number Of Cases Charge Sheeted  (UOM:Number), Scaling Factor:1, Number Of Cases Quashed By The Court At Investigation (UOM:Number), Scaling Factor:1, Number Of Cases Pending With Police At The End Of The Year (UOM:Number), Scaling Factor:1, Number Of Cases Closed By Police After Investigation (UOM:Number), Scaling Factor:1",1990.0,2020.0
social,sathwiksalian1515_17708937963474379.csv,"Country, State, Year, Comments, Number Of Cases Registered On Scheduled Caste (Sc) During The Year (UOM:Number), Scaling Factor:1, Number Of Cases Registered On Scheduled Tribe (St) During The Year (UOM:Number), Scaling Factor:1, Total Number Of Cases Registered During The Year (Sc+St) (UOM:Number), Scaling Factor:1, Scheduled Caste (Sc) Population As Per 2011 Census  (UOM:Number), Scaling Factor:100000, Scheduled Caste (Sc) Population Percentage To Total Population As Per 2011 Census  (UOM:%(Percentage)), Scaling Factor:1, Scheduled Tribe (St) Population As Per 2011 Census (UOM:Number), Scaling Factor:100000, Scheduled Tribe (St) Population Percentage To Total Population As Per 2011 Census  (UOM:%(Percentage)), Scaling Factor:1, Number Of Cases Registered On Scheduled Caste (Sc) Per Lakh Population As Per 2011 Census (UOM:Number), Scaling Factor:1, Number Of Cases Registered On Scheduled Tribe (St) Per Lakh Population As Per 2011 Census (UOM:Number), Scaling Factor:1",2012.0,2020.0
social,sathwiksalian1515_1770894258175999.csv,"Country, Year, State Or All India, Category, Additional Information, Poverty Ratios (UOM:%(Percentage)), Scaling Factor:1",1993.0,2004.0
social,sathwiksalian1515_17708942763616834.csv,"Country, State, Year, Type Of Area, Percentage Of Scheduled Tribe (St) Population Below Poverty Line (UOM:%(Percentage)), Scaling Factor:1",2009.0,2011.0
social,sathwiksalian1515_17708942967869503.csv,"Country, Year, Caste/Tribe, Additional Information, Percentage Of Households Covered By A Health Scheme (UOM:%(Percentage)), Scaling Factor:1, Number Of Households (UOM:Number), Scaling Factor:1, Percentage Of Households Covered By A Health Scheme Or Health Insurance (UOM:%(Percentage)), Scaling Factor:1, Percentage Of Households Covered By The Central Government Health Scheme (Cghs) (UOM:%(Percentage)), Scaling Factor:1, Percentage Of Households Covered By The Community Health Insurance Programme (UOM:%(Percentage)), Scaling Factor:1, Percentage Of Households Covered By Other Health Insurance Through Employer (UOM:%(Percentage)), Scaling Factor:1, Percentage Of Households Covered By Medical Reimbursement From Employer (UOM:%(Percentage)), Scaling Factor:1, Percentage Of Households Covered By Other Privately Purchased Commercial Health Insurance (UOM:%(Percentage)), Scaling Factor:1, Percentage Of Households Covered Under Other Health Insurance Plans (UOM:%(Percentage)), Scaling Factor:1, Percentage Of Households With Missing Health Insurance Coverage (UOM:%(Percentage)), Scaling Factor:1, Number Of Households Covered By Health Insurance Coverage (UOM:Number), Scaling Factor:1",2005.0,2005.0
social,sathwiksalian1515_1770894305555709.csv,"Country, Year, Social Groups, Percentage Of Households Covered By A Health Scheme Or Health Insurance (UOM:%(Percentage)), Scaling Factor:1, Percentage Of Problem In Accessing Medical Advice Or Treatment Due To Distance To Health Facility (UOM:%(Percentage)), Scaling Factor:1, Percentage Of Problem In Accessing Medical Advice Or Treatment Due To Concern About Drug Availability (UOM:%(Percentage)), Scaling Factor:1, Percentage Of Problem In Accessing Medical Advice Or Treatment With At Least One Problem In Accessing Health Care (UOM:%(Percentage)), Scaling Factor:1",2005.0,2005.0
social,sathwiksalian1515_1770894338777049.csv,"Country, State, Year, Comments, Central Assistance Amount Released For Incentive Under Relief To Atrocity Victims (UOM:INR(IndianRupees)), Scaling Factor:100000, Number Of Persons Covered Under The Central Assistance Scheme (UOM:Number), Scaling Factor:1",2011.0,2022.0
trade,sathwiksalian1515_17707373734040618.csv,"Year, Month, Countries, Series Code, Production Index, Types Of Transformation, Production Indexes Value (UOM:Ratio), Scaling Factor:1",2025.0,2025.0
trade,sathwiksalian1515_17707374193801363.csv,"Country, Year, Month, Coal (UOM:t(Tonne)), Scaling Factor:1000000, Crude Oil (UOM:t(Tonne)), Scaling Factor:1000, Natural Gas (UOM:MCM(MillionCubicMeters)), Scaling Factor:1, Petroleum Refinery Products (UOM:t(Tonne)), Scaling Factor:1000, Fertilizers (UOM:t(Tonne)), Scaling Factor:1000, Steel  (UOM:t(Tonne)), Scaling Factor:1000, Cement (UOM:t(Tonne)), Scaling Factor:1000, Electricity Generation (UOM:MKWH(MillionKilowattHour)), Scaling Factor:1",2004.0,2017.0
trade,sathwiksalian1515_17707374382200305.csv,"Country, State, Year, Number Of Factories (UOM:Number), Scaling Factor:1, Fixed Capital (UOM:INR(IndianRupees)), Scaling Factor:100000, Productive Capital (UOM:INR(IndianRupees)), Scaling Factor:100000, Invested Capital (UOM:INR(IndianRupees)), Scaling Factor:100000, Number Of Workers (UOM:Number), Scaling Factor:1, Number Of Total Persons (UOM:Number), Scaling Factor:1, Wages To Workers  (UOM:INR(IndianRupees)), Scaling Factor:100000, Total Emoluments (UOM:INR(IndianRupees)), Scaling Factor:100000, Total Input (UOM:INR(IndianRupees)), Scaling Factor:100000, Total Output (UOM:INR(IndianRupees)), Scaling Factor:100000, Depreciation (UOM:INR(IndianRupees)), Scaling Factor:100000, Net Value Added (UOM:INR(IndianRupees)), Scaling Factor:100000, Rent Paid (UOM:INR(IndianRupees)), Scaling Factor:100000, Interest Paid (UOM:INR(IndianRupees)), Scaling Factor:100000",2017.0,2021.0
trade,sathwiksalian1515_17707374603706362.csv,"Year, Countries, Country Code, Activity , Activity Combination, Metadata, Number Of Employees (UOM:Number), Scaling Factor:1, Number Of Employees Engaged (UOM:Number), Scaling Factor:1, Number Of Enterprises (UOM:Number), Scaling Factor:1, Number Of Establishments (UOM:Number), Scaling Factor:1, Number Of Female Employees (UOM:Number), Scaling Factor:1, Gross Fixed Capital Formation (UOM:USD(USDollars)), Scaling Factor:1, Output Valuation Not Defined (UOM:USD(USDollars)), Scaling Factor:1, Output At Basic Prices (UOM:USD(USDollars)), Scaling Factor:1, Output At Factor Values (UOM:USD(USDollars)), Scaling Factor:1, Output At Producers Prices (UOM:USD(USDollars)), Scaling Factor:1, Value Added Valuation Not Defined (UOM:USD(USDollars)), Scaling Factor:1, Value Added At Basic Prices (UOM:USD(USDollars)), Scaling Factor:1, Value Added At Factor Values (UOM:USD(USDollars)), Scaling Factor:1, Value Added At Producers Prices (UOM:USD(USDollars)), Scaling Factor:1, Wages And Salaries Paid To Employees (UOM:USD(USDollars)), Scaling Factor:1",2022.0,2022.0
trade,sathwiksalian1515_17707378674814608.csv,"Country, Year, State/Ut Name, Port Name, Product Name, Additional Info, Quantity (UOM:MT(Metrictonne)), Scaling Factor:1, Price (UOM:INR(IndianRupees)), Scaling Factor:10000000",2025.0,2025.0
trade,sathwiksalian1515_17707383869449396.csv,"Country, Year, State/Ut Name, Port Name, Product Name, Additional Info, Quantity (UOM:MT(Metrictonne)), Scaling Factor:1, Price (UOM:INR(IndianRupees)), Scaling Factor:10000000",2025.0,2025.0
trade,sathwiksalian1515_17707384223090022.csv,"Country, Year, Country Of Export, Export Value (UOM:INR(IndianRupees)), Scaling Factor:100000, Percentage Share Of Exports To Each Country (UOM:%(Percentage)), Scaling Factor:1",2022.0,2024.0
trade,sathwiksalian1515_17707384297645824.csv,"Country, Year, Export Region, Name Of The Export Country, Additional Info, Export Value (UOM:INR(IndianRupees)), Scaling Factor:100000",2022.0,2024.0
trade,sathwiksalian1515_17707384466560395.csv,"Country, Year, Additional Info, Exports  (UOM:USD(USDollar)), Scaling Factor:1000000000, Imports (UOM:USD(USDollar)), Scaling Factor:1000000000, Trade Balance (UOM:USD(USDollar)), Scaling Factor:1000000000",2009.0,2023.0
trade,sathwiksalian1515_17707384671386924.csv,"Country, Year, Rank, Trade Indicators, Commodity, Additional Info, Export Or Import Values (UOM:USD(USDollar)), Scaling Factor:1000000000, Growth Percentage In Current Year Over The Previous Year (UOM:%(Percentage)), Scaling Factor:1, Percentage Share In Current Year (UOM:%(Percentage)), Scaling Factor:1",2018.0,2023.0
trade,sathwiksalian1515_17707384778729446.csv,"Country, Year, Export Destinations, Additional Info, Export Values (UOM:USD(USDollar)), Scaling Factor:1000000000, Percentage Growth In Current Year Over Previous Year (UOM:%(Percentage)), Scaling Factor:1, Percentage Share (UOM:%(Percentage)), Scaling Factor:1",2017.0,2023.0
trade,sathwiksalian1515_17707385630135694.csv,"Country, Year, Trade Indicators, Region, Additional Information, Annual Percentage Change Of Trade Growth (UOM:%(Percentage)), Scaling Factor:1",2017.0,2025.0
trade,sathwiksalian1515_17707386345617273.csv,"Year, Continent Name , Region, Sub Region, Countries, Value Of Annual Merchandise Terms Of Trade Index  (UOM:Ratio), Scaling Factor:1",2022.0,2024.0
trade,sathwiksalian1515_17707386646761675.csv,"Year, Continent Name , Type Of Region, Sub-Region, Countries, Economic Flow, Additional Info, Average Annual Growth Rate  (UOM:Ratio), Scaling Factor:1",2023.0,2024.0
trade,sathwiksalian1515_1770739324737016.csv,"Country, Year, Country Of Import, Hs Code, Commodity Type , Additional Info, Import Value (UOM:INR(IndianRupees)), Scaling Factor:100000",2024.0,2024.0
trade,sathwiksalian1515_17707393416952875.csv,"Country, Year, Country Of Import, Hs Code, Commodity Type , Additional Info, Hormonized System(Hs) Code, Region Of Import, Commodity Name, Import Value (UOM:INR(IndianRupees)
), Scaling Factor:10000000, Import Value (UOM:INR(IndianRupees)), Scaling Factor:100000",2017.0,2017.0
trade,sathwiksalian1515_17707393574129505.csv,"Country, Year, Country Of Import, Hs Code, Commodity Type , Additional Info, Hormonized System(Hs) Code, Region Of Import, Commodity Name, Import Value (UOM:INR(IndianRupees)
), Scaling Factor:10000000, Import Value (UOM:INR(IndianRupees)), Scaling Factor:100000",2024.0,2024.0
trade,sathwiksalian1515_17707394151529863.csv,"Country, Year, Group, Export Country, Additional Info, Export Value (UOM:INR(IndianRupees)
), Scaling Factor:100000",1996.0,2024.0
trade,sathwiksalian1515_17707394426811123.csv,"Country, Year, Country Of Import, Import Value (UOM:INR(IndianRupees)), Scaling Factor:100000",2022.0,2024.0
